Date,BTC,GOLD,SP500
2023-01-03,16674.2,1839.49,3824.14
2023-01-04,16852.1,1854.09,3852.97
2023-01-05,16829.8,1833.19,3808.1
2023-01-06,16950.9,1865.71,3895.08
2023-01-09,17180.1,1871.59,3892.09
2023-01-10,17439.1,1877.27,3919.25
2023-01-11,17942.3,1876.38,3969.61
2023-01-12,18851.3,1896.86,3983.17
2023-01-13,19927.0,1920.21,3999.09
2023-01-17,21137.1,1908.39,3990.97
2023-01-18,20670.6,1903.76,3928.86
2023-01-19,21081.2,1931.39,3898.85
2023-01-20,22677.2,1926.57,3972.61
2023-01-23,22915.5,1931.3,4019.81
2023-01-24,22632.5,1937.45,4016.95
2023-01-25,23055.1,1945.93,4016.22
2023-01-26,23016.0,1928.99,4060.43
2023-01-27,23074.6,1927.34,4070.56
2023-01-30,22832.2,1922.52,4017.77
2023-01-31,23125.1,1927.88,4076.6
2023-02-01,23725.6,1950.42,4119.21
2023-02-02,23427.6,1912.37,4179.76
2023-02-03,23431.2,1865.53,4136.48
2023-02-06,22761.8,1867.36,4111.08
2023-02-07,23251.7,1873.81,4164.0
2023-02-08,22964.6,1875.59,4117.86
2023-02-09,21792.5,1861.39,4081.5
2023-02-10,21635.0,1864.67,4090.46
2023-02-13,21772.6,1853.39,4137.29
2023-02-14,22198.5,1854.29,4136.13
2023-02-15,24327.9,1836.19,4147.6
2023-02-16,23539.6,1837.44,4090.41
2023-02-17,24573.5,1841.59,4079.09
2023-02-21,24450.7,1834.32,3997.34
2023-02-22,24186.6,1825.04,3991.05
2023-02-23,23936.3,1822.64,4012.32
2023-02-24,23191.5,1810.81,3970.04
2023-02-27,23494.1,1817.31,3982.24
2023-02-28,23130.5,1827.15,3970.15
2023-03-01,23642.2,1836.81,3951.39
2023-03-02,23465.4,1836.0,3981.35
2023-03-03,22354.4,1854.97,4045.64
2023-03-06,22410.0,1846.85,4048.42
2023-03-07,22197.8,1813.52,3986.37
2023-03-08,21710.8,1813.59,3992.01
2023-03-09,20361.8,1830.89,3918.32
2023-03-10,20156.7,1867.83,3861.59
2023-03-13,24114.4,1913.23,3855.76
2023-03-14,24699.7,1902.12,3919.29
2023-03-15,24282.7,1918.1,3891.93
2023-03-16,25004.1,1919.12,3960.28
2023-03-17,27391.8,1987.93,3916.64
2023-03-20,27720.5,1978.71,3951.57
2023-03-21,28114.0,1940.15,4002.87
2023-03-22,27261.7,1969.58,3936.97
2023-03-23,28310.7,1993.5,3948.72
2023-03-24,27462.2,1977.22,3970.99
2023-03-27,27129.8,1956.56,3977.53
2023-03-28,27262.2,1973.69,3971.27
2023-03-29,28350.4,1964.04,4027.81
2023-03-30,28029.5,1980.25,4050.83
2023-03-31,28473.7,1967.9,4109.31
2023-04-03,27802.1,1984.11,4124.51
2023-04-04,28164.4,2019.97,4100.6
2023-04-05,28173.5,2020.35,4090.38
2023-04-06,28036.7,2008.02,4105.02
2023-04-10,29641.0,1989.95,4109.11
2023-04-11,30209.6,2003.14,4108.94
2023-04-12,29886.4,2014.67,4091.95
2023-04-13,30387.4,2039.73,4146.22
2023-04-14,30472.5,2003.04,4137.64
2023-04-17,29434.9,1994.77,4151.32
2023-04-18,30382.2,2004.93,4154.87
2023-04-19,28813.7,1993.26,4154.52
2023-04-20,28240.5,2004.34,4129.79
2023-04-21,27264.8,1982.89,4133.52
2023-04-24,27509.3,1988.88,4137.04
2023-04-25,28298.8,1997.87,4071.63
2023-04-26,28424.6,1989.48,4055.99
2023-04-27,29475.9,1987.87,4135.35
2023-04-28,29321.8,1989.65,4169.48
2023-05-01,28077.6,1982.05,4167.87
2023-05-02,28669.1,2016.28,4119.58
2023-05-03,29023.6,2039.02,4090.75
2023-05-04,28842.1,2051.11,4061.22
2023-05-05,29513.2,2016.54,4136.25
2023-05-08,27670.5,2021.39,4138.12
2023-05-09,27634.9,2034.17,4119.17
2023-05-10,27603.3,2029.51,4137.64
2023-05-11,26983.5,2015.55,4130.62
2023-05-12,26799.2,2011.15,4124.08
2023-05-15,27183.9,2020.6,4136.28
2023-05-16,27035.3,1988.6,4109.9
2023-05-17,27403.1,1981.72,4158.77
2023-05-18,26828.0,1958.05,4198.05
2023-05-19,26882.9,1976.56,4191.98
2023-05-22,26847.3,1969.43,4192.63
2023-05-23,27220.7,1974.73,4145.58
2023-05-24,26328.4,1957.01,4115.24
2023-05-25,26475.8,1940.34,4151.28
2023-05-26,26711.5,1946.33,4205.45
2023-05-30,27698.2,1959.14,4205.52
2023-05-31,27216.1,1962.3,4179.83
2023-06-01,26819.0,1977.88,4221.02
2023-06-02,27244.7,1947.63,4282.37
2023-06-05,25747.4,1961.76,4273.79
2023-06-06,27230.2,1962.85,4283.85
2023-06-07,26342.5,1939.63,4267.52
2023-06-08,26501.1,1967.76,4293.93
2023-06-09,26479.3,1960.6,4298.86
2023-06-12,25906.8,1956.92,4338.93
2023-06-13,25929.4,1943.33,4369.01
2023-06-14,25129.5,1942.99,4372.59
2023-06-15,25591.3,1957.65,4425.84
2023-06-16,26341.3,1957.36,4409.59
2023-06-20,28307.7,1935.91,4388.71
2023-06-21,29996.9,1932.26,4365.69
2023-06-22,29890.5,1913.52,4381.89
2023-06-23,30679.4,1921.36,4348.33
2023-06-26,30267.0,1922.85,4328.82
2023-06-27,30689.1,1913.35,4378.41
2023-06-28,30078.6,1907.42,4376.86
2023-06-29,30445.7,1908.15,4396.44
2023-06-30,30472.9,1919.57,4450.38
2023-07-03,31151.3,1921.43,4455.59
2023-07-05,30512.8,1917.32,4446.82
2023-07-06,29913.1,1910.8,4411.59
2023-07-07,30346.4,1924.28,4398.95
2023-07-10,30415.3,1924.99,4409.53
2023-07-11,30623.3,1931.99,4439.26
2023-07-12,30387.3,1957.09,4472.16
2023-07-13,31466.1,1960.19,4510.04
2023-07-14,30317.4,1954.93,4505.42
2023-07-17,30139.7,1954.74,4522.79
2023-07-18,29866.8,1978.71,4554.98
2023-07-19,29909.7,1977.25,4565.72
2023-07-20,29801.0,1969.62,4534.87
2023-07-21,29903.1,1960.23,4536.34
2023-07-24,29178.1,1954.51,4554.64
2023-07-25,29228.6,1964.58,4567.46
2023-07-26,29352.2,1972.1,4566.75
2023-07-27,29222.7,1944.99,4537.41
2023-07-28,29315.0,1959.2,4582.23
2023-07-31,29232.4,1964.19,4588.96
2023-08-01,29712.2,1944.08,4576.73
2023-08-02,29173.7,1933.56,4513.39
2023-08-03,29189.3,1933.74,4501.89
2023-08-04,29105.5,1941.62,4478.03
2023-08-07,29204.2,1936.39,4518.44
2023-08-08,29777.4,1924.82,4499.38
2023-08-09,29578.0,1914.59,4467.71
2023-08-10,29449.0,1912.06,4468.83
2023-08-11,29420.8,1913.32,4464.05
2023-08-14,29426.7,1907.9,4489.72
2023-08-15,29195.3,1901.56,4437.86
2023-08-16,28726.3,1891.76,4404.33
2023-08-17,26635.7,1888.89,4370.36
2023-08-18,26053.2,1888.19,4369.71
2023-08-21,26126.0,1893.94,4399.77
2023-08-22,26039.9,1897.47,4387.55
2023-08-23,26436.2,1914.31,4436.01
2023-08-24,26177.0,1917.43,4376.31
2023-08-25,26057.2,1914.53,4405.71
2023-08-28,26118.9,1919.66,4433.31
2023-08-29,27723.9,1937.12,4497.63
2023-08-30,27298.8,1942.24,4514.87
2023-08-31,25937.3,1939.74,4507.66
2023-09-01,25803.2,1938.8,4515.77
2023-09-05,25790.2,1925.81,4496.83
2023-09-06,25758.0,1916.28,4465.48
2023-09-07,26249.8,1919.19,4451.14
2023-09-08,25909.5,1917.81,4457.49
2023-09-11,25166.4,1921.66,4487.46
2023-09-12,25834.5,1913.26,4461.9
2023-09-13,26223.0,1906.3,4467.44
2023-09-14,26524.7,1910.32,4505.1
2023-09-15,26601.0,1923.57,4450.32
2023-09-18,26763.5,1933.14,4453.53
2023-09-19,27209.2,1930.94,4443.95
2023-09-20,27125.0,1929.68,4402.2
2023-09-21,26570.0,1919.57,4330.0
2023-09-22,26581.9,1924.99,4320.06
2023-09-25,26302.7,1915.66,4337.44
2023-09-26,26218.9,1900.49,4273.53
2023-09-27,26366.1,1874.7,4274.51
2023-09-28,27022.6,1864.56,4299.7
2023-09-29,26909.8,1848.31,4288.05
2023-10-02,27505.3,1827.4,4288.39
2023-10-03,27428.4,1822.81,4229.45
2023-10-04,27790.9,1821.08,4263.75
2023-10-05,27410.3,1820.01,4258.19
2023-10-06,27936.9,1832.26,4308.5
2023-10-09,27581.4,1860.88,4335.66
2023-10-10,27391.0,1860.09,4358.24
2023-10-11,26876.6,1873.61,4376.95
2023-10-12,26761.1,1868.65,4349.61
2023-10-13,26863.5,1931.7,4327.78
2023-10-16,28509.7,1919.44,4373.63
2023-10-17,28403.6,1923.07,4373.2
2023-10-18,28321.7,1947.69,4314.6
2023-10-19,28723.0,1973.7,4278.0
2023-10-20,29674.5,1981.04,4224.16
2023-10-23,33041.8,1972.59,4217.04
2023-10-24,33917.0,1970.11,4247.68
2023-10-25,34496.8,1979.62,4186.77
2023-10-26,34153.7,1984.82,4137.23
2023-10-27,33901.8,2005.78,4117.37
2023-10-30,34477.9,1995.88,4166.82
2023-10-31,34650.6,1982.7,4193.8
2023-11-01,35423.8,1982.15,4237.86
2023-11-02,34931.4,1985.51,4317.78
2023-11-03,34718.7,1992.27,4358.34
2023-11-06,35042.0,1977.68,4365.98
2023-11-07,35426.1,1968.4,4378.38
2023-11-08,35636.9,1949.79,4382.78
2023-11-09,36700.5,1958.19,4347.35
2023-11-10,37303.0,1936.79,4415.24
2023-11-13,36478.3,1945.89,4411.55
2023-11-14,35549.3,1962.67,4495.7
2023-11-15,37874.9,1959.09,4502.88
2023-11-16,36161.2,1980.85,4508.24
2023-11-17,36595.4,1980.01,4514.02
2023-11-20,37454.1,1977.19,4547.38
2023-11-21,35813.6,1998.37,4538.19
2023-11-22,37410.8,1989.72,4556.62
2023-11-24,37717.3,2001.97,4559.34
2023-11-27,37248.6,2013.64,4550.43
2023-11-28,37823.3,2040.89,4554.89
2023-11-29,37855.5,2044.59,4550.58
2023-11-30,37712.9,2035.75,4567.8
2023-12-01,38688.2,2070.9,4594.63
2023-12-04,41987.8,2029.74,4569.78
2023-12-05,44076.2,2019.42,4567.18
2023-12-06,43776.3,2024.9,4549.34
2023-12-07,43289.7,2028.34,4585.59
2023-12-08,44175.5,2003.39,4604.37
2023-12-11,41256.1,1981.3,4622.44
2023-12-12,41487.0,1979.44,4643.7
2023-12-13,42884.5,2026.39,4707.09
2023-12-14,43025.9,2035.53,4719.55
2023-12-15,41929.0,2018.19,4719.19
2023-12-18,42659.7,2027.0,4740.56
2023-12-19,42259.3,2040.12,4768.37
2023-12-20,43662.8,2029.19,4698.35
2023-12-21,43865.9,2045.49,4746.75
2023-12-22,43968.9,2052.98,4754.63
2023-12-26,42513.3,2066.6,4774.75
2023-12-27,43446.5,2077.16,4781.58
2023-12-28,42581.1,2064.86,4783.35
2023-12-29,42072.4,2062.59,4769.83
2024-01-02,44943.7,2058.88,4742.83
2024-01-03,42836.1,2040.78,4704.81
2024-01-04,44157.0,2043.26,4688.68
2024-01-05,44156.9,2045.5,4697.24
2024-01-08,46962.2,2027.84,4763.54
2024-01-09,46129.0,2029.59,4756.5
2024-01-10,46629.3,2023.4,4783.45
2024-01-11,46348.2,2028.09,4780.24
2024-01-12,42835.9,2048.72,4783.83
2024-01-16,43145.5,2027.59,4765.98
2024-01-17,42768.7,2005.72,4739.21
2024-01-18,41292.7,2022.67,4780.94
2024-01-19,41648.0,2029.09,4839.81
2024-01-22,39556.4,2020.99,4850.43
2024-01-23,39888.8,2028.69,4864.6
2024-01-24,40086.0,2012.59,4868.55
2024-01-25,39935.7,2019.75,4894.16
2024-01-26,41811.3,2018.34,4890.97
2024-01-29,43299.8,2031.75,4927.93
2024-01-30,42946.2,2036.12,4924.97
2024-01-31,42580.5,2037.19,4845.65
2024-02-01,43081.4,2054.89,4906.19
2024-02-02,43194.7,2038.59,4958.61
2024-02-05,42697.2,2024.67,4942.81
2024-02-06,43087.7,2035.46,4954.23
2024-02-07,44339.8,2034.22,4995.06
2024-02-08,45293.3,2033.18,4997.91
2024-02-09,47127.5,2024.16,5026.61
2024-02-12,49941.3,2019.79,5021.84
2024-02-13,49716.0,1992.13,4953.17
2024-02-14,51782.4,1992.39,5000.62
2024-02-15,51901.3,2004.09,5029.73
2024-02-16,52134.2,2013.1,5005.57
2024-02-20,52263.5,2023.53,4975.51
2024-02-21,51858.2,2024.99,4981.8
2024-02-22,51320.4,2024.11,5087.03
2024-02-23,50740.5,2035.72,5088.8
2024-02-26,54495.1,2030.66,5069.53
2024-02-27,57056.2,2029.64,5078.18
2024-02-28,62467.6,2034.62,5069.76
2024-02-29,61169.3,2043.24,5096.27
2024-03-01,62397.7,2083.39,5137.08
2024-03-04,68270.1,2114.99,5130.95
2024-03-05,63792.6,2127.55,5078.65
2024-03-06,66080.4,2148.29,5104.76
2024-03-07,66855.3,2159.16,5157.36
2024-03-08,68172.0,2177.51,5123.69
2024-03-11,72099.1,2182.47,5117.94
2024-03-12,71470.2,2157.99,5175.27
2024-03-13,73066.3,2174.4,5165.31
2024-03-14,71387.5,2161.01,5150.48
2024-03-15,69463.7,2155.54,5117.09
2024-03-18,67594.1,2159.99,5149.42
2024-03-19,62050.0,2157.23,5178.51
2024-03-20,67854.0,2185.96,5224.62
2024-03-21,65503.8,2180.81,5241.53
2024-03-22,63785.5,2164.15,5234.18
2024-03-25,69892.0,2171.45,5218.19
2024-03-26,69999.3,2178.58,5203.58
2024-03-27,69442.4,2194.02,5248.49
2024-03-28,70762.1,2232.38,5254.35
2024-04-01,69664.4,2250.36,5243.77
2024-04-02,65439.2,2280.1,5205.81
2024-04-03,65963.0,2299.17,5211.49
2024-04-04,68496.5,2289.43,5147.21
2024-04-05,67830.6,2329.5,5204.34
2024-04-08,71630.1,2338.89,5202.39
2024-04-09,69148.0,2352.58,5209.91
2024-04-10,70622.1,2332.79,5160.64
2024-04-11,70011.6,2373.24,5199.06
2024-04-12,67151.9,2343.43,5123.41
2024-04-15,63411.9,2382.51,5061.82
2024-04-16,63805.3,2382.83,5051.41
2024-04-17,61278.9,2360.81,5022.21
2024-04-18,63481.4,2378.25,5011.12
2024-04-19,63799.1,2390.45,4967.23
2024-04-22,66829.3,2326.29,5010.6
2024-04-23,66415.0,2321.81,5070.55
2024-04-24,64285.7,2315.82,5071.63
2024-04-25,64497.1,2331.78,5048.42
2024-04-26,63766.4,2337.72,5099.96
2024-04-29,63860.1,2334.44,5116.17
2024-04-30,60666.6,2285.57,5035.69
2024-05-01,58331.2,2317.9,5018.39
2024-05-02,59121.3,2303.29,5064.2
2024-05-03,62877.5,2301.56,5127.79
2024-05-06,63163.1,2323.57,5180.74
2024-05-07,62317.7,2313.79,5187.7
2024-05-08,61207.5,2308.65,5187.67
2024-05-09,63075.0,2345.88,5214.08
2024-05-10,60796.9,2360.14,5222.68
2024-05-13,62937.2,2336.05,5221.42
2024-05-14,61569.4,2357.97,5246.68
2024-05-15,66225.1,2386.04,5308.15
2024-05-16,65231.0,2376.44,5297.1
2024-05-17,67036.8,2414.89,5303.27
2024-05-20,71422.7,2425.12,5308.13
2024-05-21,70139.9,2421.64,5321.41
2024-05-22,69155.4,2378.25,5307.01
2024-05-23,67975.7,2328.37,5267.84
2024-05-24,68547.6,2333.76,5304.72
2024-05-28,68366.0,2360.95,5306.04
2024-05-29,67635.8,2338.77,5266.95
2024-05-30,68354.7,2343.0,5235.48
2024-05-31,67530.1,2326.97,5277.51
2024-06-03,68807.8,2350.35,5283.4
2024-06-04,70549.2,2327.68,5291.34
2024-06-05,71083.7,2354.78,5354.03
2024-06-06,70791.5,2375.61,5352.96
2024-06-07,69347.9,2292.71,5346.99
2024-06-10,69538.2,2310.6,5360.79
2024-06-11,67319.8,2316.27,5375.32
2024-06-12,68260.1,2322.55,5421.03
2024-06-13,66773.1,2303.19,5433.74
2024-06-14,66034.8,2332.52,5431.6
2024-06-17,66498.8,2318.87,5473.23
2024-06-18,65159.9,2328.33,5487.03
2024-06-20,64854.3,2359.63,5473.17
2024-06-21,64128.5,2320.34,5464.62
2024-06-24,60292.7,2332.93,5447.87
2024-06-25,61809.4,2319.01,5469.3
2024-06-26,60849.4,2297.91,5477.9
2024-06-27,61685.3,2327.45,5482.87
2024-06-28,60403.3,2325.71,5460.48
2024-07-01,62890.1,2331.7,5475.09
2024-07-02,62103.3,2329.28,5509.01
2024-07-03,60199.3,2356.06,5537.02
2024-07-05,56641.8,2391.46,5567.19
2024-07-08,56724.7,2358.8,5572.85
2024-07-09,58039.4,2363.58,5576.98
2024-07-10,57746.7,2371.07,5633.91
2024-07-11,57337.3,2414.78,5584.54
2024-07-12,57885.1,2411.27,5615.35
2024-07-15,64782.4,2422.07,5631.22
2024-07-16,65049.7,2468.57,5667.2
2024-07-17,64089.2,2458.38,5588.27
2024-07-18,63980.5,2444.97,5544.59
2024-07-19,66677.4,2400.79,5505.0
2024-07-22,67553.6,2397.65,5564.41
2024-07-23,65937.8,2409.21,5555.74
2024-07-24,65370.5,2397.59,5427.13
2024-07-25,65799.3,2364.5,5399.22
2024-07-26,67908.6,2385.57,5459.1
2024-07-29,66798.7,2383.54,5463.54
2024-07-30,66184.9,2408.43,5436.44
2024-07-31,64626.0,2448.1,5522.3
2024-08-01,65372.9,2445.42,5446.68
2024-08-02,61478.7,2443.29,5346.56
2024-08-05,53979.0,2407.65,5186.33
2024-08-06,56057.8,2389.37,5240.03
2024-08-07,55120.9,2381.53,5199.5
2024-08-08,61699.7,2426.75,5319.31
2024-08-09,60850.6,2430.93,5344.16
2024-08-12,59350.0,2472.25,5344.39
2024-08-13,60595.2,2465.03,5434.43
2024-08-14,58707.8,2447.64,5455.21
2024-08-15,57534.6,2456.1,5543.22
2024-08-16,58877.2,2507.28,5554.25
2024-08-19,59470.9,2503.92,5608.25
2024-08-20,59005.8,2513.74,5597.12
2024-08-21,61158.1,2511.95,5620.85
2024-08-22,60372.2,2483.29,5570.64
2024-08-23,64053.1,2512.07,5634.61
2024-08-26,62846.2,2516.89,5616.84
2024-08-27,59450.9,2524.57,5625.8
2024-08-28,59016.0,2502.25,5592.18
2024-08-29,59373.5,2521.18,5591.96
2024-08-30,59119.7,2503.03,5648.4
2024-09-03,57479.8,2492.76,5528.93
2024-09-04,57973.4,2494.19,5520.07
2024-09-05,56183.2,2516.32,5503.41
2024-09-06,53966.8,2497.03,5408.42
2024-09-09,57049.6,2505.25,5471.05
2024-09-10,57635.0,2516.12,5495.52
2024-09-11,57338.7,2511.44,5554.13
2024-09-12,58134.5,2558.75,5595.76
2024-09-13,60511.6,2576.5,5626.02
2024-09-16,58213.1,2582.58,5633.09
2024-09-17,60309.1,2569.52,5634.58
2024-09-18,61757.6,2558.8,5618.26
2024-09-19,62938.6,2586.48,5713.64
2024-09-20,63201.2,2621.96,5702.55
2024-09-23,63331.8,2628.4,5718.57
2024-09-24,64256.8,2656.7,5732.93
2024-09-25,63156.5,2656.82,5722.26
2024-09-26,65175.7,2670.2,5745.37
2024-09-27,65776.3,2657.97,5738.17
2024-09-30,63339.2,2634.49,5762.48
2024-10-01,60835.5,2662.82,5708.75
2024-10-02,60645.7,2657.75,5709.54
2024-10-03,60751.2,2655.9,5699.94
2024-10-04,62081.0,2652.25,5751.07
2024-10-07,62245.6,2643.58,5695.94
2024-10-08,62157.0,2621.94,5751.13
2024-10-09,60628.8,2607.77,5792.04
2024-10-10,60316.2,2629.48,5780.05
2024-10-11,62499.4,2656.0,5815.03
2024-10-14,66081.7,2651.05,5859.85
2024-10-15,67077.5,2660.99,5815.26
2024-10-16,67617.9,2673.24,5842.47
2024-10-17,67418.4,2692.55,5841.47
2024-10-18,68423.1,2720.25,5864.67
2024-10-21,67371.3,2719.65,5853.98
2024-10-22,67427.3,2748.38,5851.2
2024-10-23,66663.7,2717.54,5797.42
2024-10-24,68191.5,2735.7,5809.86
2024-10-25,66696.8,2747.69,5808.12
2024-10-28,69954.1,2741.98,5823.52
2024-10-29,72730.4,2775.13,5832.92
2024-10-30,72347.8,2786.19,5813.67
2024-10-31,70281.8,2743.8,5705.45
2024-11-01,69507.2,2735.16,5728.8
2024-11-04,67848.8,2736.39,5712.69
2024-11-05,69373.7,2743.59,5782.76
2024-11-06,75586.3,2659.24,5929.04
2024-11-07,75868.6,2706.99,5973.1
2024-11-08,76517.3,2683.77,5995.54
2024-11-11,88664.1,2620.2,6001.35
2024-11-12,87941.3,2597.27,5983.99
2024-11-13,90422.2,2573.78,5985.38
2024-11-14,87294.0,2566.19,5949.17
2024-11-15,91046.5,2561.24,5870.62
2024-11-18,90478.7,2612.2,5893.62
2024-11-19,92239.2,2631.68,5916.98
2024-11-20,94303.9,2650.05,5917.11
2024-11-21,98374.5,2669.69,5948.71
2024-11-22,98929.7,2712.55,5969.34
2024-11-25,93064.4,2625.26,5987.37
2024-11-26,91977.6,2631.89,6021.63
2024-11-27,95886.6,2635.51,5998.74
2024-11-29,97438.0,2653.55,6032.38
2024-12-02,95846.6,2638.93,6047.15
2024-12-03,95898.7,2643.44,6049.88
2024-12-04,98635.8,2649.79,6086.49
2024-12-05,96970.8,2632.05,6075.11
2024-12-06,99760.7,2632.91,6090.27
2024-12-09,97359.4,2658.78,6052.85
2024-12-10,96600.3,2693.64,6034.91
2024-12-11,101126.2,2717.93,6084.19
2024-12-12,100009.9,2681.33,6051.25
2024-12-13,101426.2,2648.39,6051.09
2024-12-16,106057.6,2652.5,6074.08
2024-12-17,106138.9,2645.54,6050.61
2024-12-18,100197.8,2587.63,5872.16
2024-12-19,97466.1,2593.85,5867.08
2024-12-20,97795.7,2620.77,5930.85
2024-12-23,94852.1,2612.93,5974.07
2024-12-24,98668.1,2613.2,6040.04
2024-12-26,95777.7,2634.43,6037.59
2024-12-27,94275.9,2620.0,5970.84
2024-12-30,92779.8,2605.39,5906.94
2024-12-31,93557.2,2623.81,5881.63
