Date,BTC,GOLD,SP500
2023-01-04,0.010612663474122997,0.007905650366714716,0.007510674075384772
2023-01-05,-0.0013241535221213015,-0.011336390959000886,-0.011713902384519219
2023-01-06,0.0071698051711684445,0.017584059004205087,0.02258384117602654
2023-01-09,0.013430807498960402,0.0031466592736556155,-0.0007679298504944067
2023-01-10,0.014963074383697988,0.00303025684947541,0.0069540205524518915
2023-01-11,0.02844624189664363,-0.0004742051159153071,0.012767544131228952
2023-01-12,0.049420823491969114,0.010855498784264296,0.0034101315868827887
2023-01-13,0.05549371901719796,0.012234667567219696,0.003988850553225138
2023-01-17,0.058954194281416974,-0.0061746004042109075,-0.0020325261125498277
2023-01-18,-0.02231738948328179,-0.002429076650486535,-0.015685001660276407
2023-01-19,0.019669247200561277,0.014409072941908616,-0.00766766960752083
2023-01-20,0.07297836639886768,-0.0024987311988040333,0.01874167155917249
2023-01-23,0.01045352304373906,0.002452131549328483,0.011811328415709267
2023-01-24,-0.01242661112429178,0.003179324164343339,-0.0007117296325210936
2023-01-25,0.01850007673571837,0.004367336433051948,-0.00018174643434897735
2023-01-26,-0.0016973768539298867,-0.008743462016834727,0.010947717569977039
2023-01-27,0.002542819211521826,-0.0008557359461918696,0.0024917027916841637
2023-01-30,-0.010560625129054185,-0.0025039884662989946,-0.013053559781991077
2023-01-31,0.01274678738174898,0.0027841281229367978,0.014536285322318165
2023-02-01,0.025636026241461586,0.01162378041168079,0.010398089735210484
2023-02-02,-0.01263981946030505,-0.01970142344708646,0.014592431217642185
2023-02-03,0.0001536531028147174,-0.024798115522751452,-0.010408643989373002
2023-02-06,-0.028984775350453285,0.0009804736526403783,-0.006159416919169087
2023-02-07,0.02129455539294304,0.0034481225876566764,0.012790383040919152
2023-02-08,-0.012424347823569675,0.0009494853223053319,-0.011142539811002886
2023-02-09,-0.05238802591276047,-0.0075997561372451216,-0.008869043032445954
2023-02-10,-0.007253500226745888,0.001760573285040375,0.002192865258876484
2023-02-13,0.006339924847183881,-0.006067699073136221,0.011383550959928976
2023-02-14,0.01937242050384321,0.0004854787995061029,-0.0002804160812822511
2023-02-15,0.09159912084876974,-0.009809100783244913,0.002769285655189374
2023-02-16,-0.03293973054232713,0.000680525827718671,-0.013884644172642286
2023-02-17,0.04298451719616189,0.002256030399414274,-0.0027712852059047503
2023-02-21,-0.005009781162574497,-0.00395548828932028,-0.020244784414123935
2023-02-22,-0.010860084572513602,-0.005071936018118898,-0.0015747857327715093
2023-02-23,-0.010402625659407791,-0.0013159050938245892,0.005315273460274993
2023-02-24,-0.031610302907362,-0.006511740523210352,-0.010593457421727142
2023-02-27,0.012963493569904743,0.0035831267732859312,0.0030683048311681872
2023-02-28,-0.015597232841134635,0.005399990073207304,-0.0030405976856194583
2023-03-01,0.02188115785620276,0.005272995547220826,-0.00473646161527038
2023-03-02,-0.007506255047260328,-0.0004410791808627078,0.007553542016924832
2023-03-03,-0.04850382607377145,0.010279231223584777,0.016018800257414187
2023-03-06,0.0024841181202726703,-0.004387038280193875,0.0006869235239955045
2023-03-07,-0.009514102944341123,-0.018211777063556814,-0.015445639173959797
2023-03-08,-0.02218335227904898,3.859822283239115e-05,0.0014138210863556078
2023-03-09,-0.06414923617053664,0.009493881125795491,-0.018631872945282475
2023-03-10,-0.010123857090679637,0.01997514181457158,-0.014583974750190179
2023-03-13,0.1792724331035766,0.024015583994963386,-0.0015108816132590817
2023-03-14,0.023981925379377777,-0.00582385962063097,0.016342380801371525
2023-03-15,-0.01702693516652633,0.008366059129840705,-0.007005336398235209
2023-03-16,0.029275648777013677,0.000531634894024274,0.01740955128696453
2023-03-17,0.09120388710913625,0.03522714870731595,-0.011080586449227313
2023-03-20,0.011928513146258783,-0.00464877912014139,0.008878824909597214
2023-03-21,0.014095461232508232,-0.01967982755284357,0.01289863554198477
2023-03-22,-0.030784886149840013,0.015055032376575784,-0.016600211922495948
2023-03-23,0.037757038303528764,0.012071565788836471,0.0029800838470393862
2023-03-24,-0.030429311399456684,-0.008200070125178595,0.005623958124210314
2023-03-27,-0.012177758933149907,-0.010503988508575769,0.0016455897389303137
2023-03-28,0.00486837260999791,0.00871705793343751,-0.001575080840930101
2023-03-29,0.03914001208101367,-0.004901310815300089,0.014136861145886559
2023-03-30,-0.011383612434751979,0.008219523038596336,0.005698994460609173
2023-03-31,0.015723327221622046,-0.00625611503134502,0.014333332809426856
2023-04-03,-0.023869296796570884,0.008203466543224418,0.003692093649516912
2023-04-04,0.012947211672114715,0.017912208943549165,-0.005813920385208212
2023-04-05,0.0003230507377499075,0.0001881039131160229,-0.002495429192470336
2023-04-06,-0.004867453597029822,-0.006121601791553177,0.0035727397253701647
2023-04-10,0.055644171825597236,-0.009039649146636805,0.0009958450470119054
2023-04-11,0.019001216611731604,0.006606436605786195,-4.137234502690973e-05
2023-04-12,-0.01075622723922899,0.005739460876043758,-0.004143458650798345
2023-04-13,0.016624521387105223,0.01236203588108886,0.013175446748330008
2023-04-14,0.002796588737847724,-0.018151419626310013,-0.002071498810492095
2023-04-17,-0.0346435923895209,-0.004137271054137404,0.0033007789687629755
2023-04-18,0.031675865450576095,0.005080391955787159,0.0008547842551524592
2023-04-19,-0.05300594212929916,-0.005837658110835871,-8.424204429116194e-05
2023-04-20,-0.020093850628871344,0.005543340190486794,-0.005970339945819703
2023-04-21,-0.035160624911318515,-0.01075945301927425,0.000902785990925368
2023-04-24,0.008927636380704708,0.0030162897355181435,0.0008512120612239251
2023-04-25,0.028295271603186112,0.004509946817713711,-0.01593714559496794
2023-04-26,0.004435566494661997,-0.004208314987236368,-0.003848609877111783
2023-04-27,0.03631801289044239,-0.0008095843151528589,0.01937716738000212
2023-04-28,-0.005241713632738958,0.0008950301287368669,0.008219359612570367
2023-05-01,-0.04335916125631269,-0.0038270812378310235,-0.0003862138497272949
2023-05-02,0.02084778228454468,0.017122566820852086,-0.011653897528004022
2023-05-03,0.01228940443594339,0.011215070820140003,-0.00702288909058116
2023-05-04,-0.006273166840045821,0.005911809752548467,-0.007244906241251436
2023-05-05,0.023001495593775362,-0.01699793854187113,0.018306159168068423
2023-05-08,-0.06447075714597511,0.002402222095139302,0.00045199816586328297
2023-05-09,-0.0012873970685294961,0.006302479708402074,-0.004589891663841041
2023-05-10,-0.001144135885932577,-0.002293488681524339,0.004473890233026689
2023-05-11,-0.02270976270443119,-0.00690227359928523,-0.0016980602174566785
2023-05-12,-0.006853531763713522,-0.002185413242213733,-0.0015845521626198357
2023-05-15,0.014252849963319316,0.00468779924631716,0.0029538685652344835
2023-05-16,-0.005481466789453556,-0.01596362344765868,-0.006398135861993161
2023-05-17,0.013512726181591727,-0.0034657190787769298,0.01182066016444788
2023-05-18,-0.021210027442966663,-0.012016074441294046,0.009400774284705668
2023-05-19,0.0020442785028463657,0.009408879941203563,-0.001446955746059144
2023-05-22,-0.001325139501042302,-0.003613799203517617,0.0001550459714410593
2023-05-23,0.013812456038375725,0.002687519365366469,-0.011285515564489972
2023-05-24,-0.03332950880157233,-0.009013881883900022,-0.007345550785867146
2023-05-25,0.0055829037408665115,-0.008554582811564343,0.008719564785563249
2023-05-26,0.008863076070105946,0.003082332558446742,0.01296458273531355
2023-05-30,0.03627324484534555,0.006560053432280096,1.6644929182328236e-05
2023-05-31,-0.017558719176430548,0.0016116532110594932,-0.006127372232971846
2023-06-01,-0.014698118405334007,0.007908309366295049,0.009806229149665344
2023-06-02,0.0157484152290719,-0.015412315238030556,0.01442978965214366
2023-06-05,-0.056525355641666455,0.007228780720535808,-0.0020055732655681105
2023-06-06,0.05599300036088783,0.0005554692201395699,0.0023511165774900327
2023-06-07,-0.033143047007399215,-0.01190026548601378,-0.0038192757067673886
2023-06-08,0.006002637073100349,0.014398606737829145,0.00616953524709693
2023-06-09,-0.0008229458905678244,-0.0036452911284062094,0.0011474737636884458
2023-06-12,-0.021857813165801647,-0.001878740163384108,0.009277902665684432
2023-06-13,0.000871977553600903,-0.006968812255150536,0.0069086648833658285
2023-06-14,-0.03133500524231798,-0.00017497272528627336,0.0008190720692196159
2023-06-15,0.018209995155983157,0.007516750597841669,0.012104580063652602
2023-06-16,0.02888559971546776,-0.00014814777000856524,-0.0036783763376504303
2023-06-20,0.07199580275547697,-0.011019126359003342,-0.004746380368690653
2023-06-21,0.057960190543077696,-0.0018871978652926348,-0.005259081846186579
2023-06-22,-0.0035533388309539346,-0.009745824424992179,0.003703885765053952
2023-06-23,0.026050715434736887,0.004088790743157814,-0.007688274822307147
2023-06-26,-0.013533409498996502,0.0007751918207457597,-0.004496875789266097
2023-06-27,0.013849532594095172,-0.004952828017295963,0.011390657230512101
2023-06-28,-0.020093587243137728,-0.0031040888415039733,-0.0003540724651995093
2023-06-29,0.012130813632072475,0.0003826427028762707,0.00446355020531417
2023-06-30,0.0008929949738678482,0.005967016335751552,0.012194363266362706
2023-07-03,0.022018213858743932,0.000968497862737922,0.0011700018289601843
2023-07-05,-0.020709710203198294,-0.002141322863147044,-0.001970253636267394
2023-07-06,-0.019849756169502554,-0.0034063750898655223,-0.007954065287478301
2023-07-07,0.014381382787788317,0.007029869266890841,-0.0028692926136023467
2023-07-10,0.00226787695311071,0.00036890112049912894,0.002402231733022815
2023-07-11,0.006815385841869582,0.0036297868724343226,0.006719588071620385
2023-07-12,-0.007736399153118986,0.012908116321298247,0.007383817501052891
2023-07-13,0.03488601787967233,0.0015827312048845366,0.008434509266769535
2023-07-14,-0.03718897072824652,-0.0026870201499827285,-0.0010249061954501163
2023-07-17,-0.00587856551965506,-9.719490399428232e-05,0.003847943597379543
2023-07-18,-0.009095744010188547,0.012187924961004336,0.007092079866132413
2023-07-19,0.0014353469127597307,-0.0007381268093144183,0.0023550834835142126
2023-07-20,-0.0036408925059706076,-0.003866359674832508,-0.006779806181851591
2023-07-21,0.003420203956804205,-0.0047788174459691204,0.0003241023001049327
2023-07-24,-0.02454372606858599,-0.0029222906607484843,0.004025974035341747
2023-07-25,0.0017292540953097713,0.005138959381622713,0.0028107581456501534
2023-07-26,0.004219818896659854,0.0038204828164240304,-0.00015545953102232801
2023-07-27,-0.0044216963577268995,-0.013842129164868324,-0.0064454274911412875
2023-07-28,0.0031535258984039544,0.0072793909868031515,0.009829414508767577
2023-07-31,-0.0028216472397741923,0.0025437199415067223,0.001467639686456588
2023-08-01,0.016280052698312838,-0.010291089142436987,-0.002668649552448092
2023-08-02,-0.018290117392380605,-0.005425994063549714,-0.013936235197657028
2023-08-03,0.0005345852807948193,9.30882011377825e-05,-0.0025512255276715053
2023-08-04,-0.0028750440081576007,0.004066724567582561,-0.0053140910274567365
2023-08-07,0.003385374792350385,-0.0026972613122618247,0.008983583955258645
2023-08-08,0.019437181979673947,-0.005992957973563214,-0.004227192022498048
2023-08-09,-0.00671887478242064,-0.005328956380846364,-0.007063636404007057
2023-08-10,-0.004370888080880145,-0.0013223056034078707,0.00025065629558288107
2023-08-11,-0.0009580464739800695,0.0006587581079870927,-0.001070203664713968
2023-08-14,0.0002005182894693215,-0.002836792246841164,0.005733913274737526
2023-08-15,-0.00789468806433445,-0.003328558826481769,-0.011618060736365813
2023-08-16,-0.016194657959092414,-0.005166989235379832,-0.007584130338210397
2023-08-17,-0.07556065822320618,-0.0015182577341485992,-0.007742762356125065
2023-08-18,-0.02211181988649818,-0.0003706567020101267,-0.00014874022775515319
2023-08-21,0.0027903857183164474,0.003040617022716725,0.006855621481266927
2023-08-22,-0.0033010099771524446,0.001862104610159852,-0.002781282092229976
2023-08-23,0.01510430593343483,0.00883582450225835,0.01098433903027149
2023-08-24,-0.009853120396045415,0.0016285033376617635,-0.013549420207499292
2023-08-25,-0.004587041059639047,-0.0015135860257646217,0.006695523315478112
2023-08-28,0.002365068633346208,0.0026759253251123515,0.006245056511156882
2023-08-29,0.059635666867798406,0.00905424695204099,0.014404107984150809
2023-08-30,-0.015452111885251092,0.00263961219006346,0.0038258021699069606
2023-08-31,-0.05116065806304789,-0.001288002692242005,-0.0015982216816604765
2023-09-01,-0.005183571873700555,-0.0004847184860306586,0.0017975431036151848
2023-09-05,-0.0005039404371535558,-0.0067225665313075675,-0.004203010869610265
2023-09-06,-0.0012493163364820717,-0.004960851799137351,-0.006995992744252873
2023-09-07,0.018913111490509962,0.0015174153667573223,-0.0032164682050081963
2023-09-08,-0.0130486731416768,-0.0007193119934856817,0.0014255841976643817
2023-09-11,-0.02909992531507068,0.002005485804229797,0.006701012782986727
2023-09-12,0.026201036457532866,-0.004380802433425872,-0.0057121558411206055
2023-09-13,0.014926080304686703,-0.0036444028649207268,0.0012408533465711885
2023-09-14,0.011439486084801236,0.002106576754624645,0.008394550741111827
2023-09-15,0.002872434714718017,0.0069120672493830845,-0.012234084667107637
2023-09-18,0.006090209868695281,0.004962789342129097,0.000721036436838388
2023-09-19,0.016516132472732377,-0.0011386929037256446,-0.0021534195529618974
2023-09-20,-0.003099339546783684,-0.0006527449190741711,-0.009439204623110126
2023-09-21,-0.020673052088901512,-0.005252983437186657,-0.01653687395146802
2023-09-22,0.0004477732761700026,0.002819570297115511,-0.0022982509659402743
2023-09-25,-0.010558937536556212,-0.00485856214618204,0.004015021275818627
2023-09-26,-0.0031910707636782203,-0.007950463114772049,-0.014844128717961364
2023-09-27,0.005598569344335355,-0.013663101039097009,0.00022929233000634007
2023-09-28,0.024594458829234323,-0.005423546292870675,0.00587577688747319
2023-09-29,-0.004183020391377005,-0.0087533922591731,-0.002713168675515421
2023-10-02,0.021888180845887506,-0.011377516486581618,7.928697692236147e-05
2023-10-03,-0.002799740422800884,-0.0025149251244473182,-0.013839410161483797
2023-10-04,0.013129656027338184,-0.000949534771896533,0.008077093787000134
2023-10-05,-0.013789773814859348,-0.0005877361069356717,-0.0013048673867472557
2023-10-06,0.01902954046768104,0.00670818200032601,0.011745628333713317
2023-10-09,-0.012806763134938696,0.015499316540085406,0.006284032081045516
2023-10-10,-0.0069271402145695245,-0.0004246204682489073,0.005194458360886415
2023-10-11,-0.01895847272417185,0.007242177514337332,0.004283828654568987
2023-10-12,-0.004306679015672873,-0.002650806146232032,-0.006265948885271601
2023-10-13,0.0038191473490226824,0.033184199210738945,-0.005031477449688668
2023-10-16,0.059475892352809964,-0.006366967400081562,0.010538619453747615
2023-10-17,-0.003728482548477329,0.0018893905701549867,-9.832133477993887e-05
2023-10-18,-0.002887602424615856,0.01272118757942952,-0.01349038622382619
2023-10-19,0.014069900276818266,0.013265898798311271,-0.008519009694152467
2023-10-20,0.03258989560481764,0.0037120055569488056,-0.01266518618575799
2023-10-23,0.10748533543359458,-0.004274559261452783,-0.0016869643388467898
2023-10-24,0.026142937028414144,-0.0012580213189308813,0.0072394913997594025
2023-10-25,0.016950202496114217,0.004815528341189795,-0.014443397939346892
2023-10-26,-0.00999564042998987,0.0026233228310293764,-0.011903071819740901
2023-10-27,-0.00740281536032923,0.010504782611693247,-0.004811871761208667
2023-10-30,0.016850428746402323,-0.0049479566969052305,0.011938544947970331
2023-10-31,0.004996502434982135,-0.006625503679117471,0.006454089207465981
2023-11-01,0.022068869117188333,-0.0002774379880841848,0.010451180679737281
2023-11-02,-0.013997772444622955,0.001693693916922205,0.018682956430735833
2023-11-03,-0.0061076914810211935,0.0033988840548537873,0.009349869637436973
2023-11-06,0.00926889537004389,-0.007350251608606726,0.0017514263468030517
2023-11-07,0.010901494547049896,-0.004703410527778531,0.002836115693239983
2023-11-08,0.00593278128728901,-0.009499355540955982,0.0010044332873557552
2023-11-09,0.029408761046685862,0.004298902725393448,-0.008116762182437998
2023-11-10,0.01628337342403774,-0.010988613721461805,0.015495728650985885
2023-11-13,-0.022356189126875405,0.004687492485879914,-0.0008360910851978613
2023-11-14,-0.025797097764347743,0.00858633516804677,0.018895282757298078
2023-11-15,0.06336815808328597,-0.0018257114124328355,0.0015958076771483444
2023-11-16,-0.0463019027479756,0.011045965801734862,0.0011896413835666805
2023-11-17,0.01193582863438795,-0.00042415031714991374,0.001281275598516672
2023-11-20,0.023193633828113857,-0.0014252504181565926,0.0073631338909269815
2023-11-21,-0.04478847374101536,0.010655203486302944,-0.0020229887908321687
2023-11-22,0.04363172325238303,-0.004337922947742542,0.004052866464977724
2023-11-24,0.00815944235173975,0.006137770446622838,0.0005967555980324687
2023-11-27,-0.012504514912996235,0.005812333794450646,-0.0019561422168003027
2023-11-28,0.015310954617532277,0.013441957665657353,0.0009796471418229004
2023-11-29,0.0008509649186591206,0.001811293170728873,-0.000946683767425388
2023-11-30,-0.0037740687711092986,-0.004332979031500598,0.0037769911916856066
2023-12-01,0.025532432988900136,0.01711899403029885,0.005856541700615295
2023-12-04,0.08184445591587086,-0.020075589362232756,-0.005423166555119596
2023-12-05,0.04854085433556723,-0.005097364562268779,-0.0005691170958779145
2023-12-06,-0.006827379185300558,0.0027099751521856585,-0.003913779111384419
2023-12-07,-0.01117784362383208,0.0016974079136403567,0.007936610413312938
2023-12-08,0.020255605337886888,-0.01237697886808342,0.004087074621006593
2023-12-11,-0.0683713561252549,-0.011087550750567521,0.003916851675081129
2023-12-12,0.005581144515052312,-0.0009392184979221962,0.004588758060085738
2023-12-13,0.03313033013552674,0.02344190841314815,0.013558420429298217
2023-12-14,0.003291804663554608,0.004500342412500537,0.0026435733742609306
2023-12-15,-0.025824548324036738,-0.008555157120102906,-7.628136810104926e-05
2023-12-18,0.01727696904399714,0.004355797344163292,0.004518097487249544
2023-12-19,-0.00943023274578272,0.006451762185637887,0.005849255234901429
2023-12-20,0.03267203307008224,-0.00537193100770898,-0.014793144174519959
2023-12-21,0.004640771872759332,0.008000670947324883,0.01024879009249407
2023-12-22,0.0023453129559709626,0.00365502655301969,0.0016587067997896167
2023-12-26,-0.03366559767173756,0.006612348649980946,0.004222736399949838
2023-12-27,0.02171332795688711,0.005096831312796431,0.001429419277681746
2023-12-28,-0.020119803251450318,-0.005939148606381319,0.00037010203319937546
2023-12-29,-0.012018549103621186,-0.0010999528662356162,-0.0028304729998547477
2024-01-02,0.06601865161352931,-0.0018003290098271582,-0.005676660892965471
2024-01-03,-0.04802939034539368,-0.008830057909426942,-0.00804861430897457
2024-01-04,0.030370259857643137,0.0012144838467926433,-0.003434296699869414
2024-01-05,-2.2646491662287105e-06,0.0010956868214806732,0.0018240092336748459
2024-01-08,0.06159382257469801,-0.008671071234301162,0.014015987132365047
2024-01-09,-0.01790120333622822,0.000862615058554414,-0.0014789856520085827
2024-01-10,0.010787279444706657,-0.0030545374219164622,0.005649939819610993
2024-01-11,-0.006046642606258149,0.002315198652803304,-0.000671289036040164
2024-01-12,-0.07880592025542046,0.01012074445118939,0.0007507264519410598
2024-01-16,0.00720158867059929,-0.010367312228989064,-0.0037382986232446964
2024-01-17,-0.008771598081392773,-0.010844797123514216,-0.005632727126755614
2024-01-18,-0.03512079774413768,0.00841532226512873,0.008766724739532073
2024-01-19,0.0085676193562497,0.003168995879694382,0.012238283870230153
2024-01-22,-0.05152584664966376,-0.003999926322245028,0.0021918970535104105
2024-01-23,0.00836808113477452,0.0038027741842308555,0.002917131506229948
2024-01-24,0.004931563434074798,-0.007967814740407135,0.0008116591682758741
2024-01-25,-0.003756485471878961,0.003551291570136726,0.005246506091991603
2024-01-26,0.04589597722552153,-0.0006983499908639504,-0.000652009756234213
2024-01-29,0.0349813781350949,0.006622099264360213,0.007528373761456543
2024-01-30,-0.008199846514905736,0.002148545396526046,-0.0006008383499372603
2024-01-31,-0.008551767546676532,0.000525371270348371,-0.016236787963987382
2024-02-01,0.011694947440336827,0.008650911216937588,0.012416277903485802
2024-02-02,0.0026264530995495326,-0.00796392612203029,0.010627786351803241
2024-02-05,-0.011584458224403125,-0.006851668097325721,-0.003191464135615035
2024-02-06,0.009104229235613142,0.00531511326082267,0.0023077617284261594
2024-02-07,0.028645120028436517,-0.0006093845404910849,0.00820766692133105
2024-02-08,0.02127642510244039,-0.0005113832043391288,0.0005704010073624875
2024-02-09,0.03969757607840699,-0.0044462701474033165,0.005725975590860193
2024-02-12,0.057991620991375094,-0.002161254071405189,-0.0009494002275555409
2024-02-13,-0.004521502867040385,-0.013789127535643339,-0.013768624761212093
2024-02-14,0.04072351030806381,0.00013050505474642676,0.0095341290968955
2024-02-15,0.002293514836370915,0.005855169261906828,0.005804399991794575
2024-02-16,0.004477325318144225,0.004485730128818486,-0.004815012341991563
2024-02-20,0.0024770673322097895,0.005167688498123125,-0.006023414477222352
2024-02-21,-0.007785160001370033,0.0007212512539355258,0.0012633935945864823
2024-02-22,-0.010424736727354559,-0.00043466450018780705,0.02090289169482803
2024-02-23,-0.011363925668290158,0.005719466898434038,0.00034788317372660206
2024-02-26,0.07138638108928931,-0.0024887013076243755,-0.0037939352461026604
2024-02-27,0.04592595763235695,-0.0005024259396876023,0.001704818544289236
2024-02-28,0.09061127532393469,0.002450631845562026,-0.001659450476103029
2024-02-29,-0.02100259265568815,0.00422771396721521,0.005215420393340162
2024-03-01,0.01988298605078275,0.019459591471871308,0.007975925057791697
2024-03-04,0.08994348047962987,0.015053709644388699,-0.0011939974324694175
2024-03-05,-0.06783470003848073,0.00592099859718646,-0.01024534898157439
2024-03-06,0.035234986300303375,0.009701093892806056,0.005127959537251652
2024-03-07,0.011658399916705796,0.005047080325622092,0.010251382881397443
2024-03-08,0.019503340983117692,0.008462764986188103,-0.0065499380656454595
2024-03-11,0.0560076381870362,0.002275240776201016,-0.0011228682551799477
2024-03-12,-0.008760981945112946,-0.011280030027770067,0.011139497364012345
2024-03-13,0.022086668540070756,0.007575531509832576,-0.001926391571868686
2024-03-14,-0.023244464154002838,-0.006177059413425598,-0.0028752059156686048
2024-03-15,-0.02731847002579379,-0.002534432789137965,-0.00650399611692649
2024-03-18,-0.027283612831733497,0.002062319843548567,0.006298168875158858
2024-03-19,-0.08558018948283783,-0.0012786007551193938,0.0056332831318901015
2024-03-20,0.08941782646662878,0.013230100024658659,0.008864697827341068
2024-03-21,-0.03525018189168364,-0.0023587239024277467,0.003231372513137806
2024-03-22,-0.026582264432449865,-0.007668692759521241,-0.0014032464064151588
2024-03-25,0.09142530168368064,0.0033674725059600493,-0.0030595955699421543
2024-03-26,0.001534048522566747,0.00327814124731965,-0.0028037482252575453
2024-03-27,-0.007987610032541984,0.007062189165175664,0.008593565940707955
2024-03-28,0.01882591466845002,0.017332803342310136,0.0011158887706710923
2024-04-01,-0.01563411975303625,0.008021922493611083,-0.0020155996658250933
2024-04-02,-0.06256795960133929,0.01312909823597192,-0.0072653957344673645
2024-04-03,0.007972511486597212,0.0083288865871299,0.0010904938060488179
2024-04-04,0.037688670304792095,-0.004245309954402362,-0.012410983057457463
2024-04-05,-0.00976922850989389,0.017350773988320953,0.011038072569656417
2024-04-08,0.054501956126101106,0.004022805576726276,-0.0003747574930495873
2024-04-09,-0.03526624162794717,0.005836140423948852,0.0014444457627020377
2024-04-10,0.021093991616097197,-0.008447622146476926,-0.009501978333887355
2024-04-11,-0.00868218407065975,0.017191134010884294,0.007417237205872028
2024-04-12,-0.041703725174774754,-0.012640442058070276,-0.01465760702944856
2024-04-15,-0.0573056764400478,0.016538885727458562,-0.012094130563305876
2024-04-16,0.006184718009606556,0.0001343031139354474,-0.002058690186348507
2024-04-17,-0.04040068412118116,-0.009284076433245702,-0.005797336366096615
2024-04-18,0.03531137472573364,0.007360142614554581,-0.002210632863926085
2024-04-19,0.004992134062858966,0.005116709634512986,-0.008797102336546191
2024-04-22,0.046402523462076975,-0.027206908856030877,0.008693327734887766
2024-04-23,-0.006218672545783713,-0.0019276699672010219,0.011893624576650831
2024-04-24,-0.03258572309766144,-0.002583217432587174,0.00021297196541228134
2024-04-25,0.00328305006382459,0.006868087932219343,-0.004586941901457446
2024-04-26,-0.011393855694501869,0.0025441709836333836,0.010157373516560254
2024-04-29,0.0014683473547438257,-0.0014040617354055516,0.003173415687477538
2024-04-30,-0.0513014537038889,-0.021156587471568972,-0.01585555475344571
2024-05-01,-0.03925618634890109,0.014046157156493029,-0.0034413923648739225
2024-05-02,0.01345415241466638,-0.006323067728035841,0.009087013401337432
2024-05-03,0.06159712348810171,-0.000751381730737275,0.01247858860899914
2024-05-06,0.004531880819400914,0.009517642162999312,0.010273136069376812
2024-05-07,-0.013474775288927597,-0.004217923344127257,0.0013425358193505205
2024-05-08,-0.017975763561952837,-0.0022239345966576446,-5.78292629562257e-06
2024-05-09,0.030054763497750974,0.015997659915955628,0.005078002595891348
2024-05-10,-0.03678569369697861,0.006060341284043239,0.0016480214063461682
2024-05-13,0.03459860300371271,-0.010259470465429608,-0.00024128455417182781
2024-05-14,-0.021972409963904174,0.009339610541430003,0.004826100061719822
2024-05-15,0.07289455129081707,0.011834008606613544,0.011647879688045933
2024-05-16,-0.015124729100810804,-0.0040315184536246305,-0.00208387430730016
2024-05-17,0.027306906277731174,0.016050167871996267,0.0011641104408194052
2024-05-20,0.06337402365058437,0.004227270288289444,0.0009159960683443537
2024-05-21,-0.01812392699724622,-0.0014360111076335976,0.002498698327390512
2024-05-22,-0.014135672822920957,-0.018080073489146753,-0.0027097176835470336
2024-05-23,-0.017205857798953693,-0.021196471156116777,-0.00740817678564494
2024-05-24,0.008378106085354695,0.0023122488654188575,0.006976578915071976
2024-05-28,-0.002652769432635959,0.011583379598223947,0.00024880404548013993
2024-05-29,-0.010738196355205572,-0.009438930265660379,-0.007394346936505546
2024-05-30,0.010572895855343767,0.0018070093793637802,-0.005992916722542298
2024-05-31,-0.012136900113017374,-0.006865167424405517,0.007995864911522231
2024-06-03,0.018743686197199134,0.009997261135136961,0.0011154342969859781
2024-06-04,0.02499322815279018,-0.009692189859957625,0.0015016920495655548
2024-06-05,0.007547717196340925,0.011575241469168133,0.011778026448059028
2024-06-06,-0.004119118960181393,0.00880694176798034,-0.0001998694317565987
2024-06-07,-0.020603071875192686,-0.03551972260696636,-0.0011158931807150971
2024-06-10,0.0027403767416718425,0.007772707060166607,0.0025775665246065955
2024-06-11,-0.03242184342875161,0.0024509021598922535,0.0027067548434573357
2024-06-12,0.013871010031434627,0.0027075867727439696,0.008467727171882782
2024-06-13,-0.022025103635730195,-0.0083706014783559,0.002341828672305396
2024-06-14,-0.011118429034294866,0.012654109672429376,-0.0003939131270021622
2024-06-17,0.007002026591933592,-0.005869230137408817,0.007635185920104081
2024-06-18,-0.02033965333739985,0.004071274344481968,0.0025181897678469146
2024-06-20,-0.004701033622572318,0.013353554684722452,-0.002529152276068834
2024-06-21,-0.011254332528102548,-0.016791100420584272,-0.0015633874377691908
2024-06-24,-0.061677847853382324,0.005411261638126821,-0.003069879221800406
2024-06-25,0.02484442141218752,-0.005984617835195494,0.00392593090057643
2024-06-26,-0.015653497384262253,-0.009140356298879564,0.0015711783413408377
2024-06-27,0.013643693857905337,0.012773233492462717,0.0009068706560974762
2024-06-28,-0.02100191372070524,-0.0007478788956758857,-0.004091988512145809
2024-07-01,0.040345019422181695,0.002572246507269787,0.002672015942936098
2024-07-02,-0.012589631007895006,-0.001038408325054053,0.0061762197767835335
2024-07-03,-0.031138403283972577,0.011431525410347405,0.005071516198197267
2024-07-05,-0.06091349579867542,0.014913325735987292,0.005433988413197175
2024-07-08,0.0014625134369773494,-0.01375104294987874,0.0010161544279964853
2024-07-09,0.022912348285917556,0.0020244036407291296,0.0007408185037586474
2024-07-10,-0.005055885352368744,0.0031639112703648067,0.010156283642139425
2024-07-11,-0.007114833113433882,0.018266855591129595,-0.00880162923017665
2024-07-12,0.009508639420860613,-0.0014546059899481442,0.005501853628775982
2024-07-15,0.11257395030918456,0.004468966790870113,0.002822195662042845
2024-07-16,0.004117631582175191,0.019016489169367566,0.006369053660041409
2024-07-17,-0.01487573011916173,-0.0041364391882796675,-0.014025410555021933
2024-07-18,-0.001697513558664622,-0.005469743515536809,-0.00784708046968273
2024-07-19,0.041287715487813015,-0.018235003055803688,-0.007165907407029404
2024-07-22,0.013055291921725698,-0.0013087588667131497,0.010734189165974961
2024-07-23,-0.024209483419474796,0.0048098019438604,-0.0015593317997995005
2024-07-24,-0.008640787059133983,-0.004834826760137756,-0.02342117844388951
2024-07-25,0.006538113612877452,-0.013897483072320875,-0.0051559504042484414
2024-07-26,0.031553483415843325,0.008871506394755542,0.01102944231248889
2024-07-29,-0.016479064117268967,-0.0008513119314088567,0.0008129903108684501
2024-07-30,-0.009231279027164663,0.010388305368026141,-0.004972496433736025
2024-07-31,-0.023835533651533628,0.01633713055579081,0.01567000529191805
2024-08-01,0.011490992901527485,-0.001095326173364659,-0.013788191433053192
2024-08-02,-0.06141702613921463,-0.0008713955766577663,-0.018552885294602865
2024-08-05,-0.1300956913205097,-0.014694323693735259,-0.030427045496882188
2024-08-06,0.03778821926059895,-0.007621435176285365,0.010300905557719547
2024-08-07,-0.016854346715376653,-0.003286594586812386,-0.007764756389251183
2024-08-08,0.11275011407917893,0.018809775328096898,0.022781128575607587
2024-08-09,-0.013857388965725748,0.0017209865745341963,0.004660780212150723
2024-08-12,-0.024969558641489826,0.01685476698323022,4.3036707511422095e-05
2024-08-13,0.020763560961686633,-0.00292468936197265,0.016707226654933075
2024-08-14,-0.03164308496495463,-0.007079682793649351,0.003816476067632372
2024-08-15,-0.02018609109106486,0.003450431056033971,0.01600444401278594
2024-08-16,0.0230674129807066,0.02062377414685009,0.0019878411263283945
2024-08-19,0.010033198342785958,-0.0013409963695387127,0.009675327436177775
2024-08-20,-0.007851373125999761,0.003914180130787258,-0.001986548174716506
2024-08-21,0.03582657036321856,-0.0007123400272166734,0.004230718284184624
2024-08-22,-0.012933580436350777,-0.011475050042575341,-0.008972949425464468
2024-08-23,0.05918369277355523,0.01152282055305225,0.011417986208502448
2024-08-26,-0.01902195506693876,0.0019168979176302804,-0.003158706615574787
2024-08-27,-0.055539709998043044,0.0030467388180704202,0.0015939320118754585
2024-08-28,-0.00734216821227705,-0.008880424078443408,-0.005993966945423385
2024-08-29,0.006039405295790356,0.007536718777916742,-3.934142455813639e-05
2024-08-30,-0.004283796675618759,-0.007225047899838287,0.010042467382856683
2024-09-03,-0.028130620468522386,-0.004111467642613016,-0.02137801245458143
2024-09-04,0.008550702924479778,0.0005734968424362167,-0.0016037653903594354
2024-09-05,-0.031366504832018055,0.0088334895653856,-0.0030226412501879545
2024-09-06,-0.04024873715278273,-0.007695491117513892,-0.017410901670867562
2024-09-09,0.05555202221666075,0.0032865043135367066,0.011513555690021488
2024-09-10,0.010208957162985735,0.004329502498111324,0.004462660724490219
2024-09-11,-0.005154233637111783,-0.0018617386373379217,0.010608580303038784
2024-09-12,0.013783502996868993,0.018662564176287675,0.00746737294203047
2024-09-13,0.04007579078234384,0.006913030792779726,0.005393096878371416
2024-09-16,-0.03872466687506495,0.0023570104804676705,0.0012558720767880025
2024-09-17,0.03537258913317726,-0.00506978823126511,0.00026447349073670164
2024-09-18,0.023734040404631066,-0.0041807124414989065,-0.0029006031263851696
2024-09-19,0.018942603124633344,0.010759479380703305,0.01683429124758695
2024-09-20,0.004163640331872782,0.013624251720462692,-0.001942855451501775
2024-09-23,0.0020642843586547287,0.002453166346564181,0.0028053309143568263
2024-09-24,0.014499982077928311,0.010709455065167458,0.0025079697029956895
2024-09-25,-0.017271781718431918,4.516779837869923e-05,-0.0018629115860669923
2024-09-26,0.03147092704394883,0.005023457068735399,0.004030480802872329
2024-09-27,0.009172891002774611,-0.004590702428214605,-0.0012539688882457197
2024-09-30,-0.037755180297916864,-0.008873058672320314,0.004227593432856073
2024-10-01,-0.04033091062274165,0.01069609673367412,-0.009367852083837029
2024-10-02,-0.0031247658804238088,-0.0019058114204190324,0.0001383744853669804
2024-10-03,0.0017381008338692827,-0.0006963198836013958,-0.0016828115331257495
2024-10-04,0.02165314888066157,-0.001375243945732195,0.008930275984437889
2024-10-07,0.0026478661231017337,-0.0032742772127665448,-0.009632284107421169
2024-10-08,-0.0014244077692961781,-0.008219557359990394,0.009642716894192714
2024-10-09,-0.024893414640771713,-0.005419051793112462,0.007088203896394327
2024-10-10,-0.005169303337879248,0.008290658018214686,-0.0020722279710146596
2024-10-11,0.03555623232847127,0.010035123604598307,0.0060336118627852325
2024-10-14,0.05573489857778087,-0.001865443677919062,0.0076780609629941675
2024-10-15,0.014956812053830038,0.0037424460665028956,-0.007638509068754146
2024-10-16,0.008024073568987905,0.004592985879874686,0.0046681557065759915
2024-10-17,-0.0029547632028814317,0.007197480095474338,-0.00017117513483320916
2024-10-18,0.014792509218431563,0.01023508787086446,0.003963737043124536
2024-10-21,-0.015491375703289383,-0.00022059229119388664,-0.0018244427413090425
2024-10-22,0.0008308692111283014,0.010508451629375241,-0.00047500338350551163
2024-10-23,-0.011389403530490855,-0.011284587871044154,-0.009233777411953054
2024-10-24,0.02265934676116735,0.006660285309470976,0.0021434831869283494
2024-10-25,-0.022162947892241533,0.004373214055194979,-0.00029953572187414154
2024-10-28,0.04768233693031066,-0.0020802715132905323,0.0026479514493707988
2024-10-29,0.0389201412560742,0.012017305780468614,0.0016128426925638532
2024-10-30,-0.005274409070066964,0.003977478217786291,-0.003305691628139004
2024-10-31,-0.028972170045736403,-0.015331250255824224,-0.01879018259951983
2024-11-01,-0.011082530502042531,-0.0031538858330180048,0.004084226330236237
2024-11-04,-0.024148644274977687,0.00044959838463289314,-0.0028160686495115016
2024-11-05,0.022226133100027808,0.0026277483286569793,0.01219106130274809
2024-11-06,0.08576721668021088,-0.031226914106408796,0.02498123383889653
2024-11-07,0.003727846730916128,0.01779694881521111,0.007403744412989463
2024-11-08,0.008513962493272756,-0.008614794056949862,0.0037498038697994338
2024-11-11,0.14733821326949795,-0.023971871704618633,0.0009685844338363746
2024-11-12,-0.008185525876326778,-0.008789757346175918,-0.002896874371566189
2024-11-13,0.027820266020852337,-0.00908525795556824,0.0002322595101076364
2024-11-14,-0.03520808050940424,-0.0029533267769081845,-0.006068115029117462
2024-11-15,0.042088633056105544,-0.0019307924390126895,-0.013291463960568205
2024-11-18,-0.006255901128857065,0.019701261941515592,0.003910159824107666
2024-11-19,0.01927073900775135,0.007429647363160771,0.0039557737052673715
2024-11-20,0.0221373432580084,0.006956082220217752,2.1970426117316337e-05
2024-11-21,0.04225907797821411,0.007383853057890057,0.005326235305174984
2024-11-22,0.005627872750819503,0.015926791073860337,0.0034619792004100735
2024-11-25,-0.061117770260695536,-0.032709213118669256,0.003015882072251307
2024-11-26,-0.011746657480125941,0.0025222805188926996,0.005705736188806683
2024-11-27,0.041621174099621155,0.001374492375713852,-0.0038085396153748753
2024-11-29,0.01605003505722888,0.006821654493432699,0.005592178893918033
2024-12-02,-0.016467281528683063,-0.005524834175333825,0.0024454606033056034
2024-12-03,0.0005434292395396841,0.0017075672835675892,0.00045135046310470323
2024-12-04,0.02814185286391492,0.0023992923210223857,0.006033123750502109
2024-12-05,-0.017024376617505634,-0.006717381331921414,-0.0018714648272306858
2024-12-06,0.028364415930937144,0.0003266881448856054,0.0024923196558419955
2024-12-09,-0.02436503222244993,0.009777672578533458,-0.006163180212196304
2024-12-10,-0.007827439161418112,0.013026067802781042,-0.0029682940713745675
2024-12-11,0.04578739500639135,0.008977122396936587,0.008132661932885083
2024-12-12,-0.011100060722188816,-0.01355762108733631,-0.0054287410919564485
2024-12-13,0.014062259337119961,-0.012361031882165181,-2.6441167577320025e-05
2024-12-16,0.04465090232718108,0.0015506833092488442,0.0037921163249597686
2024-12-17,0.0007662709232063954,-0.00262738824313811,-0.0038714440227630084
2024-12-18,-0.057602381353520256,-0.022132804387546022,-0.029936554508987644
2024-12-19,-0.027641607084777378,0.0024008595952270066,-0.0008654734577528358
2024-12-20,0.003375983556894424,0.010324909254106224,0.010810476252410672
2024-12-23,-0.030561772436684464,-0.0029959706762767526,0.00726089547546254
2024-12-24,0.03944285622012714,0.00010332693608482214,0.010982197273831982
2024-12-26,-0.029731811315282766,0.008091315823005579,-0.00040570874146761795
2024-12-27,-0.01580429162394649,-0.005492522034458231,-0.01111730467559637
2024-12-30,-0.015996645953948806,-0.005591941681281647,-0.010759690191101295
2024-12-31,0.008344070264496238,0.007045083831908646,-0.00429399645413445
